<?xml version="1.0"?>
<!DOCTYPE RECENT SYSTEM "recent.dtd">
<RECENT>
<ENTRY>
<PATH>E:\Downloads\StAX.txt</PATH>
<CARET>1335</CARET>
<ENCODING>Cp1252</ENCODING>
</ENTRY>
<ENTRY>
<PATH>E:\Work\RecordEdit\Changes\Version061a\Changes061a.dcf</PATH>
<CARET>0</CARET>
<ENCODING>Cp1252</ENCODING>
</ENTRY>
<ENTRY>
<PATH>E:\Work\MyAccessDBs\RecordEditor\SAR4180B.xml</PATH>
<CARET>0</CARET>
<ENCODING>Cp1252</ENCODING>
</ENTRY>
<ENTRY>
<PATH>E:\Work\MyAccessDBs\RecordEditor\SAR4180A.xml</PATH>
<CARET>326</CARET>
<ENCODING>Cp1252</ENCODING>
</ENTRY>
<ENTRY>
<PATH>E:\tmp\Rexx.xml</PATH>
<CARET>21</CARET>
<ENCODING>Cp1252</ENCODING>
</ENTRY>
<ENTRY>
<PATH>E:\Eclipse\workspace\recordEdit_062\src\net\sf\RecordEditor\RunClass.java</PATH>
<CARET>0</CARET>
<ENCODING>Cp1252</ENCODING>
</ENTRY>
<ENTRY>
<PATH>E:\Eclipse\workspace\.metadata\.log</PATH>
<CARET>0</CARET>
<ENCODING>Cp1252</ENCODING>
</ENTRY>
<ENTRY>
<PATH>C:\Program Files\PADGen\bm\recordeditor v056.pml</PATH>
<CARET>19693</CARET>
<ENCODING>UTF-8</ENCODING>
</ENTRY>
<ENTRY>
<PATH>C:\Program Files\RecordEdit\MSaccess\SampleFiles\Copy of zzCsv.Csv</PATH>
<CARET>255</CARET>
<ENCODING>Cp1252</ENCODING>
</ENTRY>
<ENTRY>
<PATH>E:\Work\RecordEdit\Instalation\Upload\Readme_first_recordEditor_v061.htm</PATH>
<CARET>4529</CARET>
<ENCODING>Cp1252</ENCODING>
</ENTRY>
<ENTRY>
<PATH>E:\Work\RecordEdit\lib\BuildZipCsv.rexx</PATH>
<CARET>848</CARET>
<ENCODING>Cp1252</ENCODING>
</ENTRY>
<ENTRY>
<PATH>E:\Work\RecordEdit\Instalation\GeneralDB\DocSrc\iRE_Related.dcf</PATH>
<CARET>1009</CARET>
<ENCODING>Cp1252</ENCODING>
</ENTRY>
<ENTRY>
<PATH>E:\Work\RecordEdit\Website\Record12.htm</PATH>
<CARET>0</CARET>
<ENCODING>Cp1252</ENCODING>
</ENTRY>
<ENTRY>
<PATH>E:\Work\RecordEdit\izPack\Generic_RecordEdit.xml</PATH>
<CARET>502</CARET>
<ENCODING>iso-8859-1</ENCODING>
</ENTRY>
<ENTRY>
<PATH>E:\Work\RecordEdit\izPack\RecordEdit_HSQL_Upgrade.xml</PATH>
<CARET>501</CARET>
<ENCODING>iso-8859-1</ENCODING>
</ENTRY>
<ENTRY>
<PATH>E:\Work\RecordEdit\izPack\RecordEdit_HSQL.xml</PATH>
<CARET>501</CARET>
<ENCODING>iso-8859-1</ENCODING>
</ENTRY>
<ENTRY>
<PATH>C:\Program Files\RecordEdit\HSQL\SampleFiles\CsvAms_LocDownload_20041228.csv</PATH>
<CARET>0</CARET>
<ENCODING>Cp1252</ENCODING>
</ENTRY>
<ENTRY>
<PATH>E:\Downloads\Java\LookandFeel\README</PATH>
<CARET>1713</CARET>
<ENCODING>Cp1252</ENCODING>
</ENTRY>
<ENTRY>
<PATH>C:\Program Files\RecordEdit\HSQL\SampleFiles\Ams_LocDownload_20041228.txt.csv</PATH>
<CARET>0</CARET>
<ENCODING>Cp1252</ENCODING>
</ENTRY>
<ENTRY>
<PATH>E:\Work\RecordEdit\Instalation\re2jasper\re2jInstallation.html</PATH>
<CARET>1226</CARET>
<ENCODING>Cp1252</ENCODING>
</ENTRY>
<ENTRY>
<PATH>E:\Work\RecordEdit\Instalation\GeneralDB\DocSrc\iHT_7000_Linux.dcf</PATH>
<CARET>425</CARET>
<ENCODING>Cp1252</ENCODING>
</ENTRY>
<ENTRY>
<PATH>E:\Work\RecordEdit\Instalation\GeneralDB\DocSrc\iHT_6000_Looks.dcf</PATH>
<CARET>941</CARET>
<ENCODING>Cp1252</ENCODING>
</ENTRY>
<ENTRY>
<PATH>E:\Work\RecordEdit\Instalation\GeneralDB\DocSrc\HowTo.dcf</PATH>
<CARET>0</CARET>
<ENCODING>Cp1252</ENCODING>
</ENTRY>
<ENTRY>
<PATH>E:\Work\RecordEdit\Instalation\Examples\BuildZip.rexx</PATH>
<CARET>136</CARET>
<ENCODING>Cp1252</ENCODING>
</ENTRY>
<ENTRY>
<PATH>E:\Work\RecordEdit\lib\javadoc.rexx</PATH>
<CARET>1016</CARET>
<ENCODING>Cp1252</ENCODING>
</ENTRY>
<ENTRY>
<PATH>E:\Work\RecordEdit\lib\BuildZip.rexx</PATH>
<CARET>1405</CARET>
<ENCODING>Cp1252</ENCODING>
</ENTRY>
<ENTRY>
<PATH>E:\Work\RecordEdit\NSIS\RecordEdit_MSAccess_upgrade.nsi</PATH>
<CARET>21912</CARET>
<ENCODING>Cp1252</ENCODING>
</ENTRY>
<ENTRY>
<PATH>E:\Work\RecordEdit\NSIS\RecordEdit_HSQL_upgrade.nsi</PATH>
<CARET>16443</CARET>
<ENCODING>Cp1252</ENCODING>
</ENTRY>
<ENTRY>
<PATH>C:\Documents and Settings\b\RecordEditor_MSaccess\CobolFiles.txt</PATH>
<CARET>87</CARET>
<ENCODING>Cp1252</ENCODING>
</ENTRY>
<ENTRY>
<PATH>E:\Work\RecordEdit\NSIS\RecordEdit_HSQL.nsi</PATH>
<CARET>4507</CARET>
<ENCODING>Cp1252</ENCODING>
</ENTRY>
<ENTRY>
<PATH>E:\Work\RecordEdit\izPack\Unix_shortcutSpec.xml</PATH>
<CARET>3854</CARET>
<ENCODING>UTF-8</ENCODING>
</ENTRY>
<ENTRY>
<PATH>E:\Work\RecordEdit\Instalation\GeneralDB\DocSrc\iRE_Welcome.dcf</PATH>
<CARET>143</CARET>
<ENCODING>Cp1252</ENCODING>
</ENTRY>
<ENTRY>
<PATH>E:\Work\RecordEdit\Instalation\GeneralDB\DocSrc\iRE_VersionHistory.dcf</PATH>
<CARET>389</CARET>
<ENCODING>Cp1252</ENCODING>
</ENTRY>
<ENTRY>
<PATH>E:\Work\RecordEdit\izPack\Generic_Unix_shortcutSpec.xml</PATH>
<CARET>216</CARET>
<ENCODING>UTF-8</ENCODING>
</ENTRY>
<ENTRY>
<PATH>E:\Work\RecordEdit\Instalation\MSaccess\Properties\CobolFiles.txt</PATH>
<CARET>1250</CARET>
<ENCODING>Cp1252</ENCODING>
</ENTRY>
<ENTRY>
<PATH>E:\Work\RecordEdit\Instalation\hsqldb\RecordEditor_HSQL_nsis\CobolFiles.txt</PATH>
<CARET>1059</CARET>
<ENCODING>Cp1252</ENCODING>
</ENTRY>
<ENTRY>
<PATH>E:\Work\RecordEdit\Instalation\GeneralDB\RecordEditor_GenericDB\CobolFiles.txt</PATH>
<CARET>825</CARET>
<ENCODING>Cp1252</ENCODING>
</ENTRY>
<ENTRY>
<PATH>E:\Work\RecordEdit\Instalation\hsqldb\RecordEditor_HSQLDB\CobolFiles.txt</PATH>
<CARET>885</CARET>
<ENCODING>Cp1252</ENCODING>
</ENTRY>
<ENTRY>
<PATH>C:\Documents and Settings\b\RecordEditor_HSQLDB\CobolFiles.txt</PATH>
<CARET>1186</CARET>
<ENCODING>Cp1252</ENCODING>
</ENTRY>
<ENTRY>
<PATH>E:\Work\RecordEdit\Instalation\GeneralDB\DocSrc\reHWelcome.dcf</PATH>
<CARET>0</CARET>
<ENCODING>Cp1252</ENCODING>
</ENTRY>
</RECENT>
